id,Gender,age,dept,address,cgpa,amount(taka),roll_no,reg_no,semester,Session,Probidhan
1,male,19,cmt,Sherpur,3.6,4000,579463,1502148430,7th,20-21,2016
2,male,19,cmt,Moulvibazar,3.6,4000,579464,1502148431,7th,20-21,2016
3,male,19,cmt,Sonamgonj,3.5,4000,579465,1502148432,7th,20-21,2016
4,male,19,cmt,Sonamgonj,3.65,4000,579466,1502148433,7th,20-21,2016
5,male,19,cmt,Sonamgonj,3.69,4000,579467,1502148434,7th,20-21,2016
6,male,19,cmt,Sonamgonj,3.25,4000,579468,1502148435,7th,20-21,2016
7,male,19,cmt,Sonamgonj,3.25,4000,579469,1502148436,7th,20-21,2016
8,male,19,cmt,Sonamgonj,3.54,4000,579470,1502148437,7th,20-21,2016
9,male,19,cmt,Noakhali,3.25,4000,579471,1502148438,7th,20-21,2016
10,male,19,cmt,Sonamgonj,3.86,4000,579472,1502148439,7th,20-21,2016
11,male,19,cmt,Sonamgonj,3.26,4000,579473,1502148440,7th,20-21,2016
12,male,19,cmt,Sonamgonj,0,0,579474,1502148441,7th,20-21,2016
13,male,19,cmt,Sonamgonj,3.98,4000,579475,1502148442,7th,20-21,2016
14,male,20,cmt,Sonamgonj,3.89,4000,579476,1502148443,7th,20-21,2016
15,male,20,cmt,Dhaka,3.26,4000,579477,1502148444,7th,20-21,2016
16,male,20,cmt,Dhaka,3.25,4000,579478,1502148445,7th,20-21,2016
17,male,20,cmt,Dhaka,2.33,4000,579479,1502148446,7th,20-21,2016
18,male,20,cmt,Dhaka,2.33,4000,579480,1502148447,7th,20-21,2016
19,male,20,cmt,Dhaka,2.36,4000,579481,1502148448,7th,20-21,2016
20,male,20,cmt,Noakhali,2.36,4000,579482,1502148449,7th,20-21,2016
21,male,20,cmt,Dhaka,3.6,4000,579483,1502148450,7th,20-21,2016
22,male,20,cmt,Dhaka,2.33,4000,579484,1502148451,7th,20-21,2016
23,male,20,cmt,Dhaka,2.33,4000,579485,1502148452,7th,20-21,2016
24,female,20,cmt,Dhaka,2.33,4000,579486,1502148453,7th,20-21,2016
25,female,18,cmt,Dhaka,2.33,4000,579487,1502148454,7th,20-21,2016
26,female,18,cmt,Dhaka,2.33,4000,579488,1502148455,7th,20-21,2016
27,female,18,cmt,Dhaka,2.33,4000,579489,1502148456,7th,20-21,2016
28,female,18,cmt,Dhaka,2.33,4000,579490,1502148457,7th,20-21,2016
29,female,17,cmt,Mymanshing,2.33,4000,579491,1502148458,7th,20-21,2016
30,female,18,cmt,Sherpur,2.33,4000,579492,1502148459,7th,20-21,2016
31,female,18,cmt,Sherpur,2.33,4000,579493,1502148460,7th,20-21,2016
32,female,17,cmt,Sherpur,2.33,4000,579494,1502148461,7th,20-21,2016
33,female,17,cmt,Sherpur,2.33,4000,579495,1502148462,7th,20-21,2016
34,female,17,cmt,Sherpur,2.33,4000,579496,1502148463,7th,20-21,2016
35,female,17,cmt,Sherpur,2.33,4000,579497,1502148464,7th,20-21,2016
36,female,17,cmt,Sherpur,3.45,4000,579498,1502148465,7th,20-21,2016
37,female,17,cmt,Sherpur,3.45,4000,579499,1502148466,7th,20-21,2016
38,female,17,cmt,Sherpur,3.45,4000,579500,1502148467,7th,20-21,2016
39,female,17,cmt,Sherpur,3.45,4000,579501,1502148468,7th,20-21,2016
40,female,17,cmt,Sherpur,3.45,4000,579502,1502148477,7th,20-21,2016
41,female,17,cmt,Sherpur,3.45,4000,579503,1502148478,7th,20-21,2016
42,female,21,cmt,Sherpur,3.45,4000,579504,1502148479,7th,20-21,2016
43,female,21,cmt,Sherpur,3.45,4000,579505,1502148480,7th,20-21,2016
44,female,21,cmt,Mymanshing,3.45,4000,579506,1502148481,7th,20-21,2016
45,female,21,cmt,Mymanshing,3.45,4000,579507,1502148482,7th,20-21,2016
46,female,21,cmt,Mymanshing,3.45,4000,579508,1502148483,7th,20-21,2016
47,female,21,cmt,Mymanshing,3.45,4000,579509,1502148484,7th,20-21,2016
48,female,21,cmt,Mymanshing,3.45,4000,579510,1502148485,7th,20-21,2016
19,female,21,cmt,Mymanshing,3.45,4000,579511,1502148486,7th,20-21,2016
50,female,21,cmt,Mymanshing,3.45,4000,579512,1502148487,7th,20-21,2016
51,female,21,cmt,Mymanshing,3.45,4000,579513,1502148488,7th,20-21,2016
52,female,21,cmt,Mymanshing,3.45,4000,579514,1502148489,7th,20-21,2016
53,female,21,cmt,Mymanshing,3.45,4000,579515,1502148490,7th,20-21,2016
54,female,21,cmt,Mymanshing,1,0,579516,1502148491,7th,20-21,2016
55,female,21,cmt,Mymanshing,3.45,4000,579517,1502148492,7th,20-21,2016
56,female,21,cmt,Mymanshing,3.45,4000,579518,1502148493,7th,20-21,2016
57,male,21,cmt,Mymanshing,3.45,4000,579519,1502148494,7th,20-21,2016
58,male,21,cmt,Mymanshing,3.45,4000,579520,1502148495,7th,20-21,2016
59,male,21,cmt,Mymanshing,3.45,4000,579521,1502148496,7th,20-21,2016
60,male,21,cmt,Mymanshing,3.45,4000,579522,1502148497,7th,20-21,2016
61,male,21,cmt,Mymanshing,3.45,4000,579523,1502148498,7th,20-21,2016
62,male,21,cmt,Mymanshing,3.45,4000,579524,1502148499,7th,20-21,2016
63,male,21,cmt,Mymanshing,3.45,4000,579525,1502148500,7th,20-21,2016
64,male,21,cmt,Mymanshing,3.45,4000,579526,1502148501,7th,20-21,2016
65,male,21,cmt,Mymanshing,1,4000,579527,1502148502,7th,20-21,2016
66,male,21,cmt,Mymanshing,3.45,4000,579528,1502148503,7th,20-21,2016
67,male,21,cmt,Mymanshing,3.45,4000,579529,1502148504,7th,20-21,2016
68,male,21,cmt,Mymanshing,3.45,4000,579530,1502148505,7th,20-21,2016
69,male,21,cmt,Mymanshing,3.45,4000,579531,1502148506,7th,20-21,2016
70,male,21,cmt,Mymanshing,3.45,4000,579532,1502148507,7th,20-21,2016
71,male,21,cmt,Mymanshing,3.45,4000,579533,1502148508,7th,20-21,2016
72,male,21,cmt,Noakhali,3.45,4000,579534,1502148509,7th,20-21,2016
73,male,21,cmt,Mymanshing,3.45,4000,579535,1502148510,7th,20-21,2016
74,male,21,cmt,Mymanshing,3.45,4000,579536,1502148511,7th,20-21,2016
75,male,21,cmt,Mymanshing,3.45,4000,579537,1502148512,7th,20-21,2016
76,male,21,cmt,Mymanshing,3.45,4000,579538,1502148513,7th,20-21,2016
77,male,21,cmt,Mymanshing,3.22,4000,579539,1502148514,7th,20-21,2016
78,male,21,cmt,Mymanshing,3.22,4000,579540,1502148515,7th,20-21,2016
79,male,21,cmt,Mymanshing,3.22,4000,579541,1502148516,7th,20-21,2016
80,male,21,cmt,Mymanshing,3.22,4000,579542,1502148517,7th,20-21,2016
81,male,21,cmt,Mymanshing,3.22,4000,579543,1502148518,7th,20-21,2016
82,male,21,cmt,Mymanshing,3.22,4000,579544,1502148519,7th,20-21,2016
83,male,21,cmt,Mymanshing,3.22,4000,579545,1502148520,7th,20-21,2016
84,male,21,cmt,Mymanshing,1,0,579546,1502148521,7th,20-21,2016
85,male,21,cmt,Mymanshing,3.22,4000,579547,1502148522,7th,20-21,2016
86,male,21,cmt,Mymanshing,3.22,4000,579548,1502148523,7th,20-21,2016
87,male,21,cmt,Mymanshing,3.22,4000,579549,1502148524,7th,20-21,2016
88,male,21,cmt,Mymanshing,3.22,4000,579550,1502148525,7th,20-21,2016
89,male,21,cmt,Mymanshing,3.22,4000,579551,1502148526,7th,20-21,2016
90,male,21,cmt,Mymanshing,3.22,4000,579552,1502148527,7th,20-21,2016
91,female,21,cmt,Mymanshing,3.22,4000,579553,1502148528,7th,20-21,2016
92,female,21,cmt,Mymanshing,3.22,4000,579554,1502148529,7th,20-21,2016
93,female,21,cmt,Mymanshing,3.22,4000,579555,1502148530,7th,20-21,2016
94,female,21,cmt,Mymanshing,3.22,4000,579556,1502148531,7th,20-21,2016
95,female,21,cmt,Mymanshing,3.22,4000,579557,1502148532,7th,20-21,2016
96,female,21,cmt,Cox's bazar,3.22,4000,579558,1502148533,7th,20-21,2016
97,female,21,cmt,Chottogram,3.22,4000,579559,1502148534,7th,20-21,2016
98,female,21,cmt,Habiganj,3.22,4000,579560,1502148535,7th,20-21,2016
99,female,21,cmt,Habiganj,3.22,4000,579561,1502148536,7th,20-21,2016
100,female,21,cmt,Habiganj,1,0,579562,1502148537,7th,20-21,2016
101,female,21,cmt,Habiganj,3.22,4000,579563,1502148538,7th,20-21,2016
102,female,21,cmt,Habiganj,3.22,4000,579564,1502148539,7th,20-21,2016
103,female,21,cmt,Jamalpur,3.22,4000,579565,1502148540,7th,20-21,2016
104,female,21,cmt,Habiganj,3.22,4000,579566,1502148541,7th,20-21,2016
105,female,21,cmt,Nator,3.22,4000,579567,1502148542,7th,20-21,2016
106,female,21,cmt,Habiganj,3.22,4000,579568,1502148543,7th,20-21,2016
107,female,21,cmt,Habiganj,1,0,579569,1502148544,7th,20-21,2016
108,female,21,ent,Habiganj,1,0,579570,1502148545,7th,20-21,2016
109,female,21,ent,Chottogram,3.22,4000,579571,1502148546,7th,20-21,2016
110,female,21,ent,Habiganj,3.22,4000,579572,1502148547,7th,20-21,2016
111,female,21,ent,Habiganj,3.22,4000,579573,1502148548,7th,20-21,2016
112,female,21,ent,Habiganj,3.22,4000,579574,1502148549,7th,20-21,2016
113,female,21,ent,Habiganj,3.22,4000,579575,1502148550,7th,20-21,2016
114,female,21,ent,Habiganj,3.22,4000,579576,1502148551,7th,20-21,2016
115,female,21,ent,Bogora,3.22,4000,579577,1502148552,7th,20-21,2016
116,female,21,ent,Habiganj,3.22,4000,579578,1502148553,7th,20-21,2016
117,female,21,ent,Noakhali,3.22,4000,579579,1502148554,7th,20-21,2016
118,female,21,ent,Habiganj,3.22,4000,579580,1502148555,7th,20-21,2016
119,female,21,ent,Habiganj,3.22,4000,579581,1502148556,7th,20-21,2016
120,female,21,ent,Habiganj,3.22,4000,579582,1502148557,7th,20-21,2016
121,female,21,ent,Bogora,3.22,4000,579583,1502148558,7th,20-21,2016
122,female,21,ent,Habiganj,3.22,4000,579584,1502148559,7th,20-21,2016
123,female,21,ent,Netrokona,3.22,4000,579585,1502148560,7th,20-21,2016
124,female,21,ent,Cox's bazar,3.22,4000,579586,1502148561,7th,20-21,2016
125,female,21,ent,Cox's bazar,3.22,4000,579587,1502148562,7th,20-21,2016
126,female,21,ent,Cox's bazar,3.22,4000,579588,1502148563,7th,20-21,2016
127,female,21,ent,Cox's bazar,3.22,4000,579589,1502148564,7th,20-21,2016
128,female,21,ent,Cox's bazar,1,0,579590,1502148565,7th,20-21,2016
129,female,21,ent,Cox's bazar,3.22,4000,579591,1502148566,7th,20-21,2016
130,female,21,ent,Cox's bazar,3.22,4000,579592,1502148567,7th,20-21,2016
131,female,21,ent,Cox's bazar,3.22,4000,579593,1502148568,7th,20-21,2016
132,female,21,ent,Cox's bazar,3.22,4000,579594,1502148569,7th,20-21,2016
133,female,21,ent,Cox's bazar,3.22,4000,579595,1502148570,7th,20-21,2016
134,female,21,ent,Cox's bazar,3.22,4000,579596,1502148571,7th,20-21,2016
135,female,21,ent,Cox's bazar,3.22,4000,579597,1502148572,7th,20-21,2016
136,female,21,ent,Cox's bazar,3.22,4000,579598,1502148573,7th,20-21,2016
137,female,21,ent,Netrokona,3.22,4000,579599,1502148574,7th,20-21,2016
138,female,21,ent,Netrokona,3.22,4000,579600,1502148575,7th,20-21,2016
139,female,21,ent,Netrokona,3.22,4000,579601,1502148576,7th,20-21,2016
140,female,21,ent,Netrokona,3.22,4000,579602,1502148577,7th,20-21,2016
141,female,21,ent,Netrokona,3.22,4000,579603,1502148578,7th,20-21,2016
142,female,21,ent,Netrokona,3.22,4000,579604,1502148579,7th,20-21,2016
143,female,21,ent,Netrokona,3.22,4000,579605,1502148580,7th,20-21,2016
144,female,21,ent,Netrokona,3.22,4000,579606,1502148581,7th,20-21,2016
145,female,21,ent,Netrokona,1,4000,579607,1502148582,7th,20-21,2016
146,female,21,ent,Netrokona,3.22,4000,579608,1502148583,7th,20-21,2016
147,female,21,ent,Netrokona,3.22,4000,579609,1502148584,7th,20-21,2016
148,female,21,ent,Netrokona,3.22,4000,579610,1502148585,7th,20-21,2016
149,female,21,ent,Netrokona,3.22,4000,579611,1502148586,7th,20-21,2016
150,female,21,ent,Netrokona,3.22,4000,579612,1502148587,7th,20-21,2016
151,female,21,ent,Netrokona,3.22,4000,579613,1502148588,7th,20-21,2016
152,female,21,ent,Netrokona,3.22,4000,579614,1502148589,7th,20-21,2016
153,female,21,ent,Netrokona,3.22,4000,579615,1502148590,7th,20-21,2016
154,female,21,ent,Netrokona,0,0,579616,1502148591,7th,20-21,2016
155,female,21,ent,Netrokona,3.22,4000,579617,1502148592,7th,20-21,2016
156,female,21,ent,Netrokona,3.22,4000,579618,1502148593,7th,20-21,2016
157,female,21,ent,Netrokona,3.22,4000,579619,1502148594,7th,20-21,2016
158,female,21,ent,Netrokona,3.22,4000,579620,1502148595,7th,20-21,2016
159,female,21,ent,Netrokona,3.22,4000,579621,1502148596,7th,20-21,2016
160,female,21,ent,Netrokona,3.22,4000,579622,1502148597,7th,20-21,2016
161,female,21,ent,Netrokona,3.22,4000,579623,1502148598,7th,20-21,2016
162,female,21,ent,Netrokona,0,0,579624,1502148599,7th,20-21,2016
163,female,21,ent,Netrokona,3.22,4000,579625,1502148600,7th,20-21,2016
164,female,21,ent,Netrokona,3.22,4000,579626,1502148601,7th,20-21,2016
165,female,21,ent,Netrokona,3.22,4000,579627,1502148602,7th,20-21,2016
166,female,21,ent,Netrokona,3.22,4000,579628,1502148603,7th,20-21,2016
167,female,21,ent,Netrokona,3.22,4000,579629,1502148604,7th,20-21,2016
168,female,21,ent,Netrokona,3.22,4000,579630,1502148605,7th,20-21,2016
169,female,21,ent,Moulvibazar,3.22,4000,579631,1502148606,7th,20-21,2016
170,female,21,ent,Moulvibazar,3.22,4000,579632,1502148607,7th,20-21,2016
171,female,21,ent,Moulvibazar,3.22,4000,579633,1502148608,7th,20-21,2016
172,female,21,ent,Moulvibazar,3.22,4000,579634,1502148609,7th,20-21,2016
173,female,21,ent,Moulvibazar,3.22,4000,579635,1502148610,7th,20-21,2016
174,female,21,ent,Moulvibazar,3.22,4000,579636,1502148611,7th,20-21,2016
175,female,21,ent,Moulvibazar,3.22,4000,579637,1502148612,7th,20-21,2016
176,female,21,ent,Moulvibazar,3.22,4000,579638,1502148613,7th,20-21,2016
177,female,21,ent,Moulvibazar,3.22,4000,579639,1502148614,7th,20-21,2016
178,male,21,ent,Moulvibazar,1,0,579640,1502148615,7th,20-21,2016
179,male,21,ent,Moulvibazar,3.22,4000,579641,1502148616,7th,20-21,2016
180,male,21,ent,Moulvibazar,3.22,4000,579642,1502148617,7th,20-21,2016
181,male,21,ent,Moulvibazar,3.22,4000,579643,1502148618,7th,20-21,2016
182,male,21,ent,Moulvibazar,3.22,4000,579644,1502148619,7th,20-21,2016
183,male,21,ent,Sherpur,3.22,4000,579645,1502148620,7th,20-21,2016
184,male,21,ent,Sherpur,3.22,4000,579646,1502148621,7th,20-21,2016
185,male,21,ent,Sherpur,3.22,4000,579647,1502148622,7th,20-21,2016
186,male,21,ent,Sherpur,3.22,4000,579648,1502148623,7th,20-21,2016
187,male,21,ent,Sherpur,3.22,4000,579649,1502148624,7th,20-21,2016
188,male,21,ent,Sherpur,3.22,4000,579650,1502148625,7th,20-21,2016
189,male,21,ent,Sherpur,3.22,4000,579651,1502148626,7th,20-21,2016
Cox's bazar,male,21,ent,Sherpur,3.22,4000,579652,1502148627,7th,20-21,2016
191,male,21,ent,Comilla,3.22,4000,579653,1502148628,7th,20-21,2016
192,male,21,ent,Sherpur,3.22,4000,579654,1502148629,7th,20-21,2016
193,male,21,ent,Sherpur,3.22,4000,579655,1502148630,7th,20-21,2016
194,male,21,ent,Sherpur,0,4000,579656,1502148631,7th,20-21,2016
195,male,21,ent,Kurigram,3.22,4000,579657,1502148632,7th,20-21,2016
196,male,21,ent,Dinajpur,3.22,4000,579658,1502148633,7th,20-21,2016
197,male,21,ent,Habiganj,3.22,4000,579659,1502148634,7th,20-21,2016
198,male,21,ent,Dhaka,3.22,4000,579660,1502148635,7th,20-21,2016
199,male,21,ent,Netrokona,3.22,4000,579661,1502148636,7th,20-21,2016
200,male,20,ent,Habiganj,3.22,4000,579662,1502148637,7th,20-21,2016
201,male,20,ent,Rangpur,3.22,4000,579663,1502148638,7th,20-21,2016
202,male,20,ent,Cox's bazar,1,0,579664,1502148639,7th,20-21,2016
203,male,20,rac,Netrokona,3.22,4000,579665,1502148640,7th,20-21,2016
204,male,20,rac,Netrokona,3.22,4000,579666,1502148641,7th,20-21,2016
205,male,20,rac,Rangpur,3.22,4000,579667,1502148642,7th,20-21,2016
206,male,20,rac,Jamalpur,3.22,4000,579668,1502148643,7th,20-21,2016
207,male,20,rac,Jamalpur,3.22,4000,579669,1502148644,7th,20-21,2016
208,male,20,rac,Feni,3.22,4000,579670,1502148645,7th,20-21,2016
209,male,20,rac,Jamalpur,3.22,4000,579671,1502148646,7th,20-21,2016
210,male,20,rac,Sirajganj,3.22,4000,579672,1502148647,7th,20-21,2016
211,male,20,rac,Gopalgonj,3.22,4000,579673,1502148648,7th,20-21,2016
212,male,20,rac,Bogora,3.22,4000,579674,1502148649,7th,20-21,2016
213,male,20,rac,Bogora,3.22,4000,579675,1502148650,7th,20-21,2016
214,male,20,rac,Jamalpur,3.22,4000,579676,1502148651,7th,20-21,2016
215,male,20,rac,Gopalgonj,3.22,4000,579677,1502148652,7th,20-21,2016
216,male,20,rac,Rangpur,3.22,4000,579678,1502148653,7th,20-21,2016
217,male,20,rac,Comilla,3.22,4000,579679,1502148654,7th,20-21,2016
218,male,20,rac,Gopalgonj,3.22,4000,579680,1502148655,7th,20-21,2016
219,male,20,rac,Bogora,3.22,4000,579681,1502148656,7th,20-21,2016
220,male,20,rac,Kishorganj,3.22,4000,579682,1502148657,7th,20-21,2016
221,male,20,rac,Kishorganj,3.22,4000,579683,1502148658,7th,20-21,2016
222,male,20,rac,Kishorganj,3.22,4000,579684,1502148659,7th,20-21,2016
223,male,20,rac,Kishorganj,3.22,4000,579685,1502148660,7th,20-21,2016
224,male,20,rac,Kishorganj,1,0,579686,1502148661,7th,20-21,2016
225,male,20,rac,Kishorganj,3.22,4000,579687,1502148662,7th,20-21,2016
226,male,20,rac,Kishorganj,3.22,4000,579688,1502148663,7th,20-21,2016
227,male,20,rac,Kishorganj,3.22,4000,579689,1502148664,7th,20-21,2016
228,male,20,rac,Habiganj,3.22,4000,579690,1502148665,7th,20-21,2016
229,male,20,rac,Habiganj,3.22,4000,579691,1502148666,7th,20-21,2016
230,male,20,rac,Habiganj,3.22,4000,579692,1502148667,7th,20-21,2016
231,male,20,rac,Habiganj,3.22,4000,579693,1502148668,7th,20-21,2016
232,male,20,rac,Habiganj,3.22,4000,579694,1502148669,7th,20-21,2016
233,male,20,rac,Habiganj,3.22,4000,579695,1502148670,7th,20-21,2016
234,male,20,rac,Comilla,3.22,4000,579696,1502148671,7th,20-21,2016
235,male,20,rac,Comilla,3.22,4000,579697,1502148672,7th,20-21,2016
236,male,20,rac,Comilla,3.22,4000,579698,1502148673,7th,20-21,2016
237,male,20,rac,Comilla,3.22,4000,579699,1502148674,7th,20-21,2016
238,male,20,rac,Comilla,3.22,4000,579700,1502148675,7th,20-21,2016
239,male,20,rac,Comilla,3.22,4000,579701,1502148676,7th,20-21,2016
240,male,20,rac,Comilla,2.45,4000,579702,1502148677,7th,20-21,2016
241,male,20,rac,Comilla,2.45,4000,579703,1502148678,7th,20-21,2016
242,male,20,rac,Comilla,2.45,4000,579704,1502148679,7th,20-21,2016
243,male,20,rac,Comilla,2.45,4000,579705,1502148680,7th,20-21,2016
244,male,20,rac,Comilla,0,0,579706,1502148681,7th,20-21,2016
245,male,20,rac,Comilla,1,0,579707,1502148682,7th,20-21,2016
246,male,20,rac,Comilla,2.45,4000,579708,1502148683,7th,20-21,2016
247,male,20,rac,Bogora,2.45,4000,579709,1502148684,7th,20-21,2016
248,male,20,rac,Bogora,2.45,4000,579710,1502148685,7th,20-21,2016
249,male,20,rac,Bogora,2.45,4000,579711,1502148686,7th,20-21,2016
250,male,20,rac,Bogora,2.45,4000,579712,1502148687,7th,20-21,2016
251,male,20,rac,Bogora,2.45,4000,579713,1502148688,7th,20-21,2016
252,male,20,rac,Bogora,0,0,579714,1502148689,7th,20-21,2016
253,male,20,rac,Chottogram,2.45,4000,579715,1502148690,7th,20-21,2016
254,male,19,rac,Chottogram,2.45,4000,579716,1502148691,7th,20-21,2016
255,male,19,rac,Chottogram,2.45,4000,579717,1502148692,7th,20-21,2016
256,male,19,rac,Chottogram,2.45,4000,579718,1502148693,7th,20-21,2016
257,male,19,rac,Nator,2.45,4000,579719,1502148694,7th,20-21,2016
258,male,19,rac,Chottogram,2.45,4000,579720,1502148695,7th,20-21,2016
259,male,19,rac,Chottogram,2.45,4000,579721,1502148696,7th,20-21,2016
260,male,19,rac,Chottogram,2.45,4000,579722,1502148697,7th,20-21,2016
261,male,19,rac,Chottogram,2.45,4000,579723,1502148698,7th,20-21,2016
262,male,19,rac,Chottogram,2.45,4000,579724,1502148699,7th,20-21,2016
263,male,19,rac,Sylhet,2.45,4000,579725,1502148700,7th,20-21,2016
264,male,19,rac,Bogora,2.45,4000,579726,1502148701,7th,20-21,2016
265,male,19,rac,Sylhet,2.45,4000,579727,1502148702,7th,20-21,2016
266,male,19,rac,Sylhet,2.45,4000,579728,1502148703,7th,20-21,2016
267,male,19,rac,Sylhet,2.45,4000,579729,1502148704,7th,20-21,2016
268,male,19,rac,Sylhet,2.45,4000,579730,1502148705,7th,20-21,2016
269,male,19,rac,Sylhet,2.45,4000,579731,1502148706,7th,20-21,2016
270,male,19,rac,Sylhet,2.45,4000,579732,1502148707,7th,20-21,2016
271,male,19,rac,Sylhet,2.45,4000,579733,1502148708,7th,20-21,2016
272,male,19,rac,Sylhet,2.45,4000,579734,1502148709,7th,20-21,2016
273,male,19,rac,Nator,2.45,4000,579735,1502148710,7th,20-21,2016
274,male,19,rac,Nator,1,0,579736,1502148711,7th,20-21,2016
275,male,19,rac,Nator,2.45,4000,579737,1502148712,7th,20-21,2016
276,male,19,rac,Nator,2.45,4000,579738,1502148713,7th,20-21,2016
277,male,19,rac,Nator,2.45,4000,579739,1502148714,7th,20-21,2016
278,male,19,rac,Nator,2.45,4000,579740,1502148715,7th,20-21,2016
279,male,19,rac,Nator,2.45,4000,579741,1502148716,7th,20-21,2016
280,male,19,rac,Nator,2.45,4000,579742,1502148717,7th,20-21,2016
281,male,19,rac,Nator,2.45,4000,579743,1502148718,7th,20-21,2016
282,male,19,rac,Nator,2.45,4000,579744,1502148719,7th,20-21,2016
283,male,19,rac,Nator,2.45,4000,579745,1502148720,7th,20-21,2016
284,male,19,rac,Nator,2.45,4000,579746,1502148721,7th,20-21,2016
285,male,19,rac,Nator,0,0,579747,1502148722,7th,20-21,2016
286,male,19,rac,Nator,2.45,4000,579748,1502148723,7th,20-21,2016
287,male,19,rac,Nator,2.45,4000,579749,1502148724,7th,20-21,2016
288,male,19,rac,Nator,3.89,4000,579750,1502148725,7th,20-21,2016
289,male,19,rac,Nator,3.89,4000,579751,1502148726,7th,20-21,2016
290,male,19,rac,Nator,3.89,4000,579752,1502148727,7th,20-21,2016
291,male,19,rac,Nator,3.89,4000,579753,1502148728,7th,20-21,2016
292,male,19,rac,Nator,3.89,4000,579754,1502148729,7th,20-21,2016
293,male,19,rac,Nator,3.89,4000,579755,1502148730,7th,20-21,2016
294,male,19,rac,Nator,3.89,4000,579756,1502148731,7th,20-21,2016
295,male,19,rac,Sonamgonj,3.89,4000,579757,1502148732,7th,20-21,2016
296,male,19,rac,Sonamgonj,3.89,4000,579758,1502148733,7th,20-21,2016
297,male,19,rac,Sonamgonj,3.89,4000,579759,1502148734,7th,20-21,2016
298,male,19,rac,Sonamgonj,3.89,4000,579760,1502148735,7th,20-21,2016
299,male,19,rac,Sonamgonj,3.89,4000,579761,1502148736,7th,20-21,2016
300,male,19,rac,Sonamgonj,3.89,4000,579762,1502148737,7th,20-21,2016
301,male,19,rac,Sonamgonj,3.89,4000,579763,1502148738,7th,20-21,2016
302,male,19,rac,Sonamgonj,3.89,4000,579764,1502148739,7th,20-21,2016
303,male,19,rac,Sonamgonj,3.89,4000,579765,1502148740,7th,20-21,2016
304,male,19,rac,Sonamgonj,3.89,4000,579766,1502148741,7th,20-21,2016
305,male,19,rac,Sonamgonj,3.89,4000,579767,1502148742,7th,20-21,2016
306,male,19,rac,Sonamgonj,1,4000,579768,1502148743,7th,20-21,2016
307,male,19,rac,Sonamgonj,3.89,4000,579769,1502148744,7th,20-21,2016
308,male,19,rac,Sonamgonj,3.89,4000,579770,1502148745,7th,20-21,2016
309,male,19,rac,Netrokona,3.89,4000,579771,1502148746,7th,20-21,2016
310,male,19,rac,Netrokona,3.89,4000,579772,1502148747,7th,20-21,2016
311,male,19,rac,Netrokona,3.89,4000,579773,1502148748,7th,20-21,2016
312,male,19,rac,Netrokona,3.89,4000,579774,1502148749,7th,20-21,2016
313,male,19,rac,Netrokona,3.89,4000,579775,1502148750,7th,20-21,2016
314,male,19,rac,Netrokona,1,0,579776,1502148751,7th,20-21,2016
315,male,19,rac,Netrokona,3.13,4000,579777,1502148752,7th,20-21,2016
316,male,19,rac,Netrokona,3.13,4000,579778,1502148753,7th,20-21,2016
317,male,19,rac,Netrokona,3.13,4000,579779,1502148754,7th,20-21,2016
318,male,19,rac,Netrokona,3.13,4000,579780,1502148755,7th,20-21,2016
319,male,19,rac,Netrokona,3.13,4000,579781,1502148756,7th,20-21,2016
320,male,19,rac,Madaripur,3.13,4000,579782,1502148757,7th,20-21,2016
321,male,19,rac,Madaripur,3.13,4000,579783,1502148758,7th,20-21,2016
322,male,19,rac,Madaripur,3.13,4000,579784,1502148759,7th,20-21,2016
323,male,19,rac,Madaripur,3.13,4000,579785,1502148760,7th,20-21,2016
324,male,19,rac,Madaripur,3.13,4000,579786,1502148761,7th,20-21,2016
325,male,19,rac,Madaripur,3.13,4000,579787,1502148762,7th,20-21,2016
326,male,19,rac,Madaripur,3.13,4000,579788,1502148763,7th,20-21,2016
327,male,19,rac,Madaripur,3.13,4000,579789,1502148764,7th,20-21,2016
328,male,19,rac,Madaripur,3.13,4000,579790,1502148765,7th,20-21,2016
329,male,19,food,Madaripur,3.13,4000,579791,1502148766,7th,20-21,2016
330,male,19,food,Madaripur,3.13,4000,579792,1502148767,7th,20-21,2016
331,male,19,food,Madaripur,3.13,4000,579793,1502148768,7th,20-21,2016
332,male,19,food,Madaripur,3.13,4000,579794,1502148769,7th,20-21,2016
333,male,19,food,Madaripur,3.13,4000,579795,1502148770,7th,20-21,2016
334,male,19,food,Gopalgonj,3.13,4000,579796,1502148771,7th,20-21,2016
335,male,19,food,Gopalgonj,3.13,4000,579797,1502148772,7th,20-21,2016
336,male,19,food,Gopalgonj,3.13,4000,579798,1502148773,7th,20-21,2016
337,male,19,food,Gopalgonj,3.13,4000,579799,1502148774,7th,20-21,2016
338,male,19,food,Gopalgonj,3.13,4000,579800,1502148775,7th,20-21,2016
339,male,19,food,Gopalgonj,3.13,4000,579801,1502148776,7th,20-21,2016
340,male,19,food,Gopalgonj,3.13,4000,579802,1502148777,7th,20-21,2016
341,male,19,food,Gopalgonj,3.13,4000,579803,1502148778,7th,20-21,2016
342,male,19,food,Gopalgonj,3.13,4000,579804,1502148779,7th,20-21,2016
343,male,19,food,Gopalgonj,3.13,4000,579805,1502148780,7th,20-21,2016
344,male,19,food,Gopalgonj,3.13,4000,579806,1502148781,7th,20-21,2016
345,male,19,food,Gopalgonj,1,4000,579807,1502148782,7th,20-21,2016
346,male,19,food,Gopalgonj,3.13,4000,579808,1502148783,7th,20-21,2016
347,male,19,food,Gopalgonj,0,0,579809,1502148784,7th,20-21,2016
348,male,19,food,Gopalgonj,3.13,4000,579810,1502148785,7th,20-21,2016
349,male,19,food,Gopalgonj,3.13,4000,579811,1502148786,7th,20-21,2016
350,male,19,food,Gopalgonj,3.13,4000,579812,1502148787,7th,20-21,2016
351,male,19,food,Gopalgonj,3.13,4000,579813,1502148788,7th,20-21,2016
352,female,19,food,Comilla,3.13,4000,579814,1502148789,7th,20-21,2016
353,female,19,food,Comilla,3.13,4000,579815,1502148790,7th,20-21,2016
354,female,19,food,Comilla,3.13,4000,579816,1502148791,7th,20-21,2016
355,female,19,food,Gopalgonj,3.13,4000,579817,1502148792,7th,20-21,2016
356,female,19,food,Comilla,3.13,4000,579818,1502148793,7th,20-21,2016
357,female,21,food,Comilla,3.13,4000,579819,1502148794,7th,20-21,2016
358,female,21,food,Comilla,3.46,4000,579820,1502148795,7th,20-21,2016
359,female,21,food,Comilla,3.46,4000,579821,1502148796,7th,20-21,2016
360,female,21,food,Comilla,3.46,4000,579822,1502148797,7th,20-21,2016
361,female,21,food,Comilla,3.46,4000,579823,1502148798,7th,20-21,2016
362,female,21,food,Chottogram,3.46,4000,579824,1502148799,7th,20-21,2016
363,female,21,food,Chottogram,3.46,4000,579825,1502148800,7th,20-21,2016
364,female,21,food,Chottogram,3.46,4000,579826,1502148801,7th,20-21,2016
365,female,21,food,Chottogram,3.46,4000,579827,1502148802,7th,20-21,2016
366,female,21,food,Chottogram,3.46,4000,579828,1502148803,7th,20-21,2016
367,male,21,food,Chottogram,3.46,4000,579829,1502148804,7th,20-21,2016
368,male,21,food,Chottogram,3.46,4000,579830,1502148805,7th,20-21,2016
369,male,21,food,Chottogram,3.46,4000,579831,1502148806,7th,20-21,2016
370,male,21,food,Chottogram,3.46,4000,579832,1502148807,7th,20-21,2016
371,male,21,food,Chottogram,3.46,4000,579833,1502148808,7th,20-21,2016
372,male,21,food,Chottogram,3.46,4000,579834,1502148809,7th,20-21,2016
373,male,21,food,Chottogram,3.46,4000,579835,1502148810,7th,20-21,2016
374,male,21,food,Chottogram,3.46,4000,579836,1502148811,7th,20-21,2016
375,male,21,food,Chottogram,3.46,4000,579837,1502148812,7th,20-21,2016
376,male,21,food,Chottogram,3.46,4000,579838,1502148813,7th,20-21,2016
377,male,21,food,Chottogram,3.46,4000,579839,1502148814,7th,20-21,2016
378,male,21,food,Feni,3.46,4000,579840,1502148815,7th,20-21,2016
379,male,21,food,Feni,3.46,4000,579841,1502148816,7th,20-21,2016
380,male,21,food,Feni,3.46,4000,579842,1502148817,7th,20-21,2016
381,male,21,food,Feni,3.46,4000,579843,1502148818,7th,20-21,2016
382,male,21,food,Feni,3.46,4000,579844,1502148819,7th,20-21,2016
383,male,21,food,Feni,3.46,4000,579845,1502148820,7th,20-21,2016
384,male,21,food,Feni,3.46,4000,579846,1502148821,7th,20-21,2016
385,male,21,food,Feni,3.46,4000,579847,1502148822,7th,20-21,2016
386,male,21,food,Sirajganj,3.46,4000,579848,1502148823,7th,20-21,2016
387,male,21,food,Sirajganj,3.46,4000,579849,1502148824,7th,20-21,2016
388,male,21,food,Sirajganj,3.46,4000,579850,1502148825,7th,20-21,2016
389,male,21,food,Cox's bazar,3.46,4000,579851,1502148826,7th,20-21,2016
390,male,21,food,Sirajganj,3.46,4000,579852,1502148827,7th,20-21,2016
391,male,21,food,Sirajganj,3.46,4000,579853,1502148828,7th,20-21,2016
392,male,21,food,Kurigram,3.46,4000,579854,1502148829,7th,20-21,2016
393,male,21,food,Sirajganj,0,0,579855,1502148830,7th,20-21,2016
394,male,21,food,Sirajganj,3.46,4000,579856,1502148831,7th,20-21,2016
395,male,21,food,Sirajganj,3.46,4000,579857,1502148832,7th,20-21,2016
396,male,21,food,Rangpur,1,0,579858,1502148833,7th,20-21,2016
397,male,21,food,Sirajganj,3.46,4000,579859,1502148834,7th,20-21,2016
398,male,21,food,Sirajganj,3.46,4000,579860,1502148835,7th,20-21,2016
399,male,21,food,Sirajganj,3.46,4000,579861,1502148836,7th,20-21,2016
400,male,21,food,Tangail,3.46,4000,579862,1502148837,7th,20-21,2016
401,male,21,food,Tangail,3.46,4000,579863,1502148838,7th,20-21,2016
402,male,21,food,Tangail,1,0,579864,1502148839,7th,20-21,2016
403,male,21,food,Tangail,3.46,4000,579865,1502148840,7th,20-21,2016
404,male,21,food,Sylhet,3.46,4000,579866,1502148841,7th,20-21,2016
405,male,21,food,Sylhet,3.46,4000,579867,1502148842,7th,20-21,2016
406,male,21,food,Sylhet,3.46,4000,579868,1502148843,7th,20-21,2016
407,male,21,food,Sylhet,3.46,4000,579869,1502148844,7th,20-21,2016
408,male,21,food,Sylhet,3.46,4000,579870,1502148845,7th,20-21,2016
409,male,21,food,Sonamgonj,3.46,4000,579871,1502148846,7th,20-21,2016
410,male,21,food,Sonamgonj,3.46,4000,579872,1502148847,7th,20-21,2016
411,male,21,food,Sonamgonj,3.46,4000,579873,1502148848,7th,20-21,2016
412,male,21,food,Sonamgonj,3.46,4000,579874,1502148849,7th,20-21,2016
413,male,21,food,Sonamgonj,3.46,4000,579875,1502148850,7th,20-21,2016
414,male,21,food,Sonamgonj,3.46,4000,579876,1502148851,7th,20-21,2016
415,male,21,food,Sonamgonj,3.46,4000,579877,1502148852,7th,20-21,2016
416,male,21,food,Sonamgonj,3.46,4000,579878,1502148853,7th,20-21,2016
417,male,21,food,Mymanshing,3.46,4000,579879,1502148854,7th,20-21,2016
418,male,21,food,Mymanshing,0,0,579880,1502148855,7th,20-21,2016
419,male,21,food,Mymanshing,3.46,4000,579881,1502148856,7th,20-21,2016
420,male,21,food,Mymanshing,3.46,4000,579882,1502148857,7th,20-21,2016
421,male,21,food,Mymanshing,3.46,4000,579883,1502148858,7th,20-21,2016
422,male,21,food,Mymanshing,3.46,4000,579884,1502148859,7th,20-21,2016
423,male,21,food,Tangail,3.46,4000,579885,1502148860,7th,20-21,2016
424,male,21,food,Dhaka,3.46,4000,579886,1502148861,7th,20-21,2016
425,male,21,food,Dhaka,3.46,4000,579887,1502148862,7th,20-21,2016
426,male,21,food,Dhaka,3.46,4000,579888,1502148863,7th,20-21,2016
427,male,21,food,Dhaka,3.46,4000,579889,1502148864,7th,20-21,2016
428,male,21,food,Dhaka,3.46,4000,579890,1502148865,7th,20-21,2016
429,male,21,food,Dhaka,3.46,4000,579891,1502148866,7th,20-21,2016
430,male,21,food,Dhaka,3.46,4000,579892,1502148867,7th,20-21,2016
431,male,21,food,Dhaka,3.46,4000,579893,1502148868,7th,20-21,2016
432,male,21,food,Dhaka,3.46,4000,579894,1502148869,7th,20-21,2016
433,male,21,food,Tangail,3.46,4000,579895,1502148870,7th,20-21,2016
434,male,21,food,Tangail,3.46,4000,579896,1502148871,7th,20-21,2016
435,male,21,food,Moulvibazar,3.46,4000,579897,1502148872,7th,20-21,2016
436,male,21,food,Moulvibazar,3.46,4000,579898,1502148873,7th,20-21,2016
437,male,21,food,Moulvibazar,3.46,4000,579899,1502148874,7th,20-21,2016
438,male,21,food,Moulvibazar,3.46,4000,579900,1502148875,7th,20-21,2016
439,male,21,food,Moulvibazar,3.46,4000,579901,1502148876,7th,20-21,2016
440,male,21,food,Moulvibazar,3.46,4000,579902,1502148877,7th,20-21,2016
441,male,21,food,Moulvibazar,3.46,4000,579903,1502148878,7th,20-21,2016
442,male,21,food,Moulvibazar,3.46,4000,579904,1502148879,7th,20-21,2016
443,male,21,food,Moulvibazar,3.46,4000,579905,1502148880,7th,20-21,2016
444,male,21,food,Moulvibazar,3.46,4000,579906,1502148881,7th,20-21,2016
445,male,21,food,Sonamgonj,1,0,579907,1502148882,7th,20-21,2016
446,male,21,food,Sherpur,3.46,4000,579908,1502148883,7th,20-21,2016
447,male,21,food,Sherpur,3.46,4000,579909,1502148884,7th,20-21,2016
448,male,21,food,Sherpur,3.46,4000,579910,1502148885,7th,20-21,2016
449,male,21,food,Sherpur,3.46,4000,579911,1502148886,7th,20-21,2016
450,male,21,food,Sherpur,3.46,4000,579912,1502148887,7th,20-21,2016
451,male,21,food,Sherpur,3.46,4000,579913,1502148888,7th,20-21,2016
452,male,21,food,Sherpur,3.46,4000,579914,1502148889,7th,20-21,2016
453,male,21,food,Sherpur,3.46,4000,579915,1502148890,7th,20-21,2016
454,male,21,food,Tangail,3.46,4000,579916,1502148891,7th,20-21,2016
455,male,21,food,Madaripur,3.46,4000,579917,1502148892,7th,20-21,2016
456,male,21,food,Mymanshing,3.46,4000,579918,1502148893,7th,20-21,2016
457,male,21,food,Cox's bazar,3.46,4000,579919,1502148894,7th,20-21,2016
458,male,21,food,Cox's bazar,3.46,4000,579920,1502148895,7th,20-21,2016
459,male,21,food,Cox's bazar,3.46,4000,579921,1502148896,7th,20-21,2016
460,male,21,food,Cox's bazar,3.46,4000,579922,1502148897,7th,20-21,2016
461,male,18,food,Cox's bazar,3.46,4000,579923,1502148898,7th,20-21,2016
462,male,18,food,Cox's bazar,3.46,4000,579924,1502148899,7th,20-21,2016
463,male,18,food,Cox's bazar,3.46,4000,579925,1502148900,7th,20-21,2016
464,male,18,food,Cox's bazar,3.46,4000,579926,1502148901,7th,20-21,2016
465,male,18,food,Rangpur,3.46,4000,579927,1502148902,7th,20-21,2016
466,male,18,food,Rangpur,3.46,4000,579928,1502148903,7th,20-21,2016
467,male,18,food,Rangpur,3.46,4000,579929,1502148904,7th,20-21,2016
468,male,18,food,Rangpur,3.46,4000,579930,1502148905,7th,20-21,2016
469,male,18,food,Rangpur,3.46,4000,579931,1502148906,7th,20-21,2016
470,male,18,food,Rangpur,3.46,4000,579932,1502148907,7th,20-21,2016
471,male,18,food,Mymanshing,3.46,4000,579933,1502148908,7th,20-21,2016
472,male,18,food,Mymanshing,1,0,579934,1502148909,7th,20-21,2016
473,male,18,food,Mymanshing,3.46,4000,579935,1502148910,7th,20-21,2016
474,male,18,food,Mymanshing,3.46,4000,579936,1502148911,7th,20-21,2016
475,male,18,food,Mymanshing,3.46,4000,579937,1502148912,7th,20-21,2016
476,male,18,food,Mymanshing,3.46,4000,579938,1502148913,7th,20-21,2016
477,male,18,food,Mymanshing,3.46,4000,579939,1502148914,7th,20-21,2016
478,male,18,food,Mymanshing,3.46,4000,579940,1502148915,7th,20-21,2016
479,male,18,food,Mymanshing,3.46,4000,579941,1502148916,7th,20-21,2016
480,male,18,food,Mymanshing,3.46,4000,579942,1502148917,7th,20-21,2016
481,male,18,food,Netrokona,3.46,4000,579943,1502148918,7th,20-21,2016
482,male,18,food,Netrokona,3.46,4000,579944,1502148919,7th,20-21,2016
483,male,18,food,Netrokona,3.46,4000,579945,1502148920,7th,20-21,2016
484,male,18,food,Netrokona,3.46,4000,579946,1502148921,7th,20-21,2016
485,male,18,food,Netrokona,3.46,4000,579947,1502148922,7th,20-21,2016
486,male,18,food,Netrokona,3.46,4000,579948,1502148923,7th,20-21,2016
487,male,18,food,Netrokona,3.46,4000,579949,1502148924,7th,20-21,2016
488,male,18,cst,Netrokona,3.46,4000,579950,1502148925,5th,21-22,2022
489,male,18,cst,Netrokona,3.46,4000,579951,1502148926,5th,21-22,2022
490,male,18,cst,Netrokona,3.46,4000,579952,1502148927,5th,21-22,2022
491,male,18,cst,Netrokona,3.46,4000,579953,1502148928,5th,21-22,2022
492,male,18,cst,Netrokona,3.46,4000,579954,1502148929,5th,21-22,2022
493,male,18,cst,Dinajpur,3.46,4000,579955,1502148930,5th,21-22,2022
494,male,18,cst,Dinajpur,3.46,4000,579956,1502148931,5th,21-22,2022
495,male,18,cst,Mymanshing,1,0,579957,1502148932,5th,21-22,2022
496,male,18,cst,Mymanshing,3.46,4000,579958,1502148933,5th,21-22,2022
497,female,18,cst,Mymanshing,3.46,4000,579959,1502148934,5th,21-22,2022
498,female,18,cst,Mymanshing,3.46,4000,579960,1502148935,5th,21-22,2022
499,female,18,cst,Mymanshing,3.46,4000,579961,1502148936,5th,21-22,2022
500,female,18,cst,Mymanshing,3.46,4000,579962,1502148937,5th,21-22,2022
501,female,17,cst,Gopalgonj,3.46,4000,579963,1502148938,5th,21-22,2022
502,female,17,cst,Gopalgonj,3.46,4000,579964,1502148939,5th,21-22,2022
503,female,17,cst,Gopalgonj,3.46,4000,579965,1502148940,5th,21-22,2022
504,female,17,cst,Gopalgonj,3.46,4000,579966,1502148941,5th,21-22,2022
505,female,17,cst,Gopalgonj,3.46,4000,579967,1502148942,5th,21-22,2022
506,female,17,cst,Gopalgonj,3.46,4000,579968,1502148943,5th,21-22,2022
507,female,17,cst,Gopalgonj,3.46,4000,579969,1502148944,5th,21-22,2022
508,female,17,cst,Gopalgonj,3.46,4000,579970,1502148945,5th,21-22,2022
509,female,17,cst,Gopalgonj,3.46,4000,579971,1502148946,5th,21-22,2022
510,female,17,cst,Gopalgonj,3.46,4000,579972,1502148947,5th,21-22,2022
511,female,17,cst,Comilla,3.46,4000,579973,1502148948,5th,21-22,2022
512,female,17,cst,Comilla,3.46,4000,579974,1502148949,5th,21-22,2022
513,female,17,cst,Comilla,3.46,4000,579975,1502148950,5th,21-22,2022
514,female,17,cst,Comilla,3.46,4000,579976,1502148951,5th,21-22,2022
515,female,17,cst,Comilla,3.46,4000,579977,1502148952,5th,21-22,2022
516,female,17,cst,Comilla,3.46,4000,579978,1502148953,5th,21-22,2022
517,female,17,cst,Chottogram,3.46,4000,579979,1502148954,5th,21-22,2022
518,female,17,cst,Chottogram,3.46,4000,579980,1502148955,5th,21-22,2022
519,female,17,cst,Gopalgonj,3.46,4000,579981,1502148956,5th,21-22,2022
520,female,17,cst,Chottogram,3.46,4000,579982,1502148957,5th,21-22,2022
521,female,17,cst,Chottogram,3.46,4000,579983,1502148958,5th,21-22,2022
522,female,17,cst,Chottogram,3.46,4000,579984,1502148959,5th,21-22,2022
523,female,17,cst,Comilla,3.46,4000,579985,1502148960,5th,21-22,2022
524,female,17,cst,Chottogram,3.46,4000,579986,1502148961,5th,21-22,2022
525,female,17,cst,Chottogram,1,0,579987,1502148962,5th,21-22,2022
526,female,17,cst,Chottogram,3.46,4000,579988,1502148963,5th,21-22,2022
527,female,17,cst,Chottogram,3.46,4000,579989,1502148964,5th,21-22,2022
528,female,17,cst,Chottogram,3.46,4000,579990,1502148965,5th,21-22,2022
529,female,17,cst,Chottogram,3.46,4000,579991,1502148966,5th,21-22,2022
530,female,17,cst,Dinajpur,3.46,4000,579992,1502148967,5th,21-22,2022
531,female,17,cst,Dinajpur,3.46,4000,579993,1502148968,5th,21-22,2022
532,female,17,cst,Dinajpur,3.46,4000,579994,1502148969,5th,21-22,2022
533,female,17,cst,Dinajpur,3.46,4000,579995,1502148970,5th,21-22,2022
534,female,17,cst,Dinajpur,3.46,4000,579996,1502148971,5th,21-22,2022
535,female,17,cst,Gopalgonj,3.46,4000,579997,1502148972,5th,21-22,2022
536,female,17,cst,Dinajpur,3.46,4000,579998,1502148973,5th,21-22,2022
537,female,17,cst,Dinajpur,3.46,4000,579999,1502148974,5th,21-22,2022
538,female,17,cst,Dinajpur,3.46,4000,580000,1502148975,5th,21-22,2022
539,female,17,cst,Dinajpur,3.46,4000,580001,1502148976,5th,21-22,2022
540,female,17,cst,Kurigram,3.46,4000,580002,1502148977,5th,21-22,2022
541,female,17,cst,Netrokona,3.46,4000,580003,1502148978,5th,21-22,2022
542,male,17,cst,Netrokona,3.46,4000,580004,1502148979,5th,21-22,2022
543,male,17,cst,Bogora,3.46,4000,580005,1502148980,5th,21-22,2022
544,male,17,cst,Netrokona,0,0,580006,1502148981,5th,21-22,2022
545,male,17,cst,Netrokona,3.46,4000,580007,1502148982,5th,21-22,2022
546,male,17,cst,Netrokona,3.46,4000,580008,1502148983,5th,21-22,2022
547,male,17,cst,Kurigram,3.46,4000,580009,1502148984,5th,21-22,2022
548,male,17,cst,Kurigram,3.46,4000,580010,1502148985,5th,21-22,2022
549,male,17,cst,Kurigram,3.46,4000,580011,1502148986,5th,21-22,2022
550,male,17,cst,Kurigram,3.46,4000,580012,1502148987,5th,21-22,2022
551,male,17,cst,Kurigram,1,0,580013,1502148988,5th,21-22,2022
552,male,17,cst,Kurigram,3.46,4000,580014,1502148989,5th,21-22,2022
553,male,17,cst,Kurigram,3.46,4000,580015,1502148990,5th,21-22,2022
554,male,17,cst,Madaripur,3.46,4000,580016,1502148991,5th,21-22,2022
555,male,17,cst,Madaripur,3.46,4000,580017,1502148992,5th,21-22,2022
556,male,17,cst,Madaripur,3.46,4000,580018,1502148993,5th,21-22,2022
557,male,17,cst,Madaripur,3.46,4000,580019,1502148994,5th,21-22,2022
558,male,17,cst,Madaripur,3.46,4000,580020,1502148995,5th,21-22,2022
559,male,17,cst,Madaripur,3.46,4000,580021,1502148996,5th,21-22,2022
560,male,17,cst,Madaripur,3.46,4000,580022,1502148997,5th,21-22,2022
561,male,17,cst,Madaripur,3.46,4000,580023,1502148998,5th,21-22,2022
562,male,17,cst,Madaripur,3.46,4000,580024,1502148999,5th,21-22,2022
563,male,17,cst,Madaripur,3.46,4000,580025,1502149000,5th,21-22,2022
564,male,17,cst,Madaripur,3.46,4000,580026,1502149001,5th,21-22,2022
565,male,17,cst,Dhaka,3.46,4000,580027,1502149002,5th,21-22,2022
566,male,17,cst,Dhaka,3.46,4000,580028,1502149003,5th,21-22,2022
567,male,17,cst,Dhaka,3.46,4000,580029,1502149004,5th,21-22,2022
568,male,17,cst,Dhaka,3.46,4000,580030,1502149005,5th,21-22,2022
569,male,17,cst,Dhaka,3.9,4000,580031,1502149006,5th,21-22,2022
570,male,17,cst,Dhaka,3.9,4000,580032,1502149007,5th,21-22,2022
571,male,17,cst,Sirajganj,3.9,4000,580033,1502149008,5th,21-22,2022
572,male,17,cst,Bogora,3.9,4000,580034,1502149009,5th,21-22,2022
573,male,17,cst,Bogora,3.9,4000,580035,1502149010,5th,21-22,2022
574,male,17,cst,Bogora,3.9,4000,580036,1502149011,5th,21-22,2022
575,male,17,cst,Bogora,3.9,4000,580037,1502149012,5th,21-22,2022
576,male,17,cst,Sirajganj,3.9,4000,580038,1502149013,5th,21-22,2022
577,male,17,cst,Bogora,3.9,4000,580039,1502149014,5th,21-22,2022
578,male,17,cst,Bogora,3.9,4000,580040,1502149015,5th,21-22,2022
579,male,17,cst,Tangail,3.32,4000,580041,1502149016,5th,21-22,2022
580,male,17,cst,Tangail,3.32,4000,580042,1502149017,5th,21-22,2022
581,male,17,cst,Tangail,3.32,4000,580043,1502149018,5th,21-22,2022
582,male,17,cst,Tangail,3.32,4000,580044,1502149019,5th,21-22,2022
583,male,17,cst,Tangail,3.32,4000,580045,1502149020,5th,21-22,2022
584,male,17,cst,Tangail,3.32,4000,580046,1502149021,5th,21-22,2022
585,male,17,cst,Tangail,3.32,4000,580047,1502149022,5th,21-22,2022
586,male,17,cst,Sherpur,3.32,4000,580048,1502149023,5th,21-22,2022
587,male,17,cst,Sherpur,3.32,4000,580049,1502149024,5th,21-22,2022
588,male,17,cst,Sherpur,3.32,4000,580050,1502149025,5th,21-22,2022
589,male,17,cst,Bogora,3.32,4000,580051,1502149026,5th,21-22,2022
590,male,17,cst,Sherpur,3.32,4000,580052,1502149027,5th,21-22,2022
591,male,17,cst,Sherpur,3.32,4000,580053,1502149028,5th,21-22,2022
592,male,17,cst,Sonamgonj,3.32,4000,580054,1502149029,5th,21-22,2022
593,male,17,cst,Sylhet,3.4,4000,580055,1502149030,5th,21-22,2022
594,male,17,cst,Sylhet,3.4,4000,580056,1502149031,5th,21-22,2022
595,male,17,cst,Sylhet,3.4,4000,580057,1502149032,5th,21-22,2022
596,male,17,cst,Sylhet,3.4,4000,580058,1502149033,5th,21-22,2022
597,male,17,cst,Sylhet,3.4,4000,580059,1502149034,5th,21-22,2022
598,male,17,cst,Sylhet,1,0,580060,1502149035,5th,21-22,2022
599,male,17,cst,Sylhet,1,0,580061,1502149036,5th,21-22,2022
600,male,17,cst,Sylhet,0,0,580062,1502149037,5th,21-22,2022
601,male,18,ent,Sherpur,3,4000,580063,1502149038,5th,21-22,2022
602,male,18,ent,Cox's bazar,3.11,4000,580064,1502149039,5th,21-22,2022
603,male,18,ent,Sherpur,3.09,4000,580065,1502149040,5th,21-22,2022
604,male,18,ent,Sherpur,3.12,4000,580066,1502149041,5th,21-22,2022
605,male,18,ent,Sherpur,3.12,4000,580067,1502149042,5th,21-22,2022
606,male,18,ent,Sherpur,3.12,4000,580068,1502149043,5th,21-22,2022
607,male,18,ent,Sherpur,1,0,580069,1502149044,5th,21-22,2022
608,male,18,ent,Sherpur,2.88,4000,580070,1502149045,5th,21-22,2022
609,male,18,ent,Sherpur,2.88,4000,580071,1502149046,5th,21-22,2022
610,male,18,ent,Dinajpur,2.88,4000,580072,1502149047,5th,21-22,2022
611,male,18,ent,Sherpur,2.88,4000,580073,1502149048,5th,21-22,2022
612,male,18,ent,Sherpur,3,4000,580074,1502149049,5th,21-22,2022
613,male,18,ent,Sherpur,0,0,580075,1502149050,5th,21-22,2022
614,male,17,ent,Sherpur,3.5,4000,580076,1502149051,5th,21-22,2022
615,male,17,ent,Sherpur,3.5,4000,580077,1502149052,5th,21-22,2022
616,male,17,ent,Sherpur,3.5,4000,580078,1502149053,5th,21-22,2022
617,male,17,ent,Sherpur,3.5,4000,580079,1502149054,5th,21-22,2022
618,male,17,ent,Sherpur,4,4000,580080,1502149055,5th,21-22,2022
619,male,17,ent,Sherpur,3.08,4000,580081,1502149056,5th,21-22,2022
620,male,17,ent,Chottogram,3.08,4000,580082,1502149057,5th,21-22,2022
621,male,17,ent,Chottogram,3.08,4000,580083,1502149058,5th,21-22,2022
622,male,17,ent,Chottogram,1,0,580084,1502149059,5th,21-22,2022
623,male,17,ent,Chottogram,3.32,4000,580085,1502149060,5th,21-22,2022
624,male,17,ent,Chottogram,3.32,4000,580086,1502149061,5th,21-22,2022
625,male,17,ent,Chottogram,3.32,4000,580087,1502149062,5th,21-22,2022
626,male,17,ent,Dinajpur,3.32,4000,580088,1502149063,5th,21-22,2022
627,male,17,ent,Chottogram,3.32,4000,580089,1502149064,5th,21-22,2022
628,male,17,ent,Chottogram,3.32,4000,580090,1502149065,5th,21-22,2022
629,male,17,ent,Chottogram,3.32,4000,580091,1502149066,5th,21-22,2022
630,male,17,ent,Chottogram,0,0,580092,1502149067,5th,21-22,2022
631,male,17,ent,Dhaka,3.09,4000,580093,1502149068,5th,21-22,2022
632,male,17,ent,Dhaka,3.09,4000,580094,1502149069,5th,21-22,2022
633,male,17,ent,Dhaka,3.09,4000,580095,1502149070,5th,21-22,2022
634,male,17,ent,Gopalgonj,3.09,4000,580096,1502149071,5th,21-22,2022
635,male,17,ent,Gopalgonj,3.09,4000,580097,1502149072,5th,21-22,2022
636,male,17,ent,Gopalgonj,3.09,4000,580098,1502149073,5th,21-22,2022
637,male,17,ent,Gopalgonj,3.09,4000,580099,1502149074,5th,21-22,2022
638,male,17,ent,Gopalgonj,3.09,4000,580100,1502149075,5th,21-22,2022
639,male,17,ent,Gopalgonj,3.09,4000,580101,1502149076,5th,21-22,2022
640,male,17,ent,Cox's bazar,3.09,4000,580102,1502149077,5th,21-22,2022
641,male,17,ent,Netrokona,0,0,580103,1502149078,5th,21-22,2022
642,male,17,ent,Dinajpur,2.09,4000,580104,1502149079,5th,21-22,2022
643,male,17,ent,Netrokona,2.89,4000,580105,1502149080,5th,21-22,2022
644,male,17,ent,Netrokona,1,0,580106,1502149081,5th,21-22,2022
645,male,17,ent,Habiganj,2.34,4000,580107,1502149082,5th,21-22,2022
646,male,17,ent,Netrokona,2.34,4000,580108,1502149083,5th,21-22,2022
647,male,17,ent,Netrokona,2.34,4000,580109,1502149084,5th,21-22,2022
648,male,17,ent,Netrokona,2.34,4000,580110,1502149085,5th,21-22,2022
649,male,17,ent,Netrokona,2.34,4000,580111,1502149086,5th,21-22,2022
650,male,17,ent,Chottogram,2.34,4000,580112,1502149087,5th,21-22,2022
651,male,17,ent,Chottogram,1,0,580113,1502149088,5th,21-22,2022
652,male,17,ent,Comilla,3.55,4000,580114,1502149089,5th,21-22,2022
653,male,17,ent,Comilla,3.55,4000,580115,1502149090,5th,21-22,2022
654,male,17,ent,Tangail,3.55,4000,580116,1502149091,5th,21-22,2022
655,female,17,ent,Tangail,3.55,4000,580117,1502149092,5th,21-22,2022
656,female,17,ent,Cox's bazar,3.55,4000,580118,1502149093,5th,21-22,2022
657,female,17,ent,Tangail,3.55,4000,580119,1502149094,5th,21-22,2022
658,female,17,ent,Tangail,3.55,4000,580120,1502149095,5th,21-22,2022
659,female,17,ent,Tangail,3.55,4000,580121,1502149096,5th,21-22,2022
660,female,17,ent,Tangail,3.55,4000,580122,1502149097,5th,21-22,2022
661,female,17,ent,Dinajpur,3.55,4000,580123,1502149098,5th,21-22,2022
662,female,17,ent,Tangail,3.55,4000,580124,1502149099,5th,21-22,2022
663,female,17,ent,Tangail,3.55,4000,580125,1502149100,5th,21-22,2022
664,female,17,ent,Tangail,3.55,4000,580126,1502149101,5th,21-22,2022
665,female,17,ent,Tangail,1,0,580127,1502149102,5th,21-22,2022
666,female,17,ent,Moulvibazar,3.45,4000,580128,1502149103,5th,21-22,2022
667,male,17,ent,Tangail,3.45,4000,580129,1502149104,5th,21-22,2022
668,male,17,ent,Dinajpur,3.45,4000,580130,1502149105,5th,21-22,2022
669,male,17,ent,Dinajpur,3.45,4000,580131,1502149106,5th,21-22,2022
670,male,17,ent,Dinajpur,3.45,4000,580132,1502149107,5th,21-22,2022
671,male,17,ent,Dinajpur,3.45,4000,580133,1502149108,5th,21-22,2022
672,male,17,ent,Dinajpur,3.45,4000,580134,1502149109,5th,21-22,2022
673,male,17,rac,Dinajpur,3.45,4000,580135,1502149110,5th,21-22,2022
674,male,17,rac,Dinajpur,3.45,4000,580136,1502149111,5th,21-22,2022
675,male,17,rac,Dinajpur,3.45,4000,580137,1502149112,5th,21-22,2022
676,male,17,rac,Dinajpur,3.45,4000,580138,1502149113,5th,21-22,2022
677,male,17,rac,Dinajpur,3.45,4000,580139,1502149114,5th,21-22,2022
678,male,17,rac,Dinajpur,1,0,580140,1502149115,5th,21-22,2022
679,male,18,rac,Dinajpur,3.16,4000,580141,1502149116,5th,21-22,2022
680,male,18,rac,Dinajpur,3.16,4000,580142,1502149117,5th,21-22,2022
681,male,18,rac,Cox's bazar,3.16,4000,580143,1502149118,5th,21-22,2022
682,male,18,rac,Feni,3.16,4000,580144,1502149119,5th,21-22,2022
683,male,18,rac,Thakurgaon,3.16,4000,580145,1502149120,5th,21-22,2022
684,male,18,rac,Thakurgaon,3.16,4000,580146,1502149121,5th,21-22,2022
685,male,18,rac,Thakurgaon,3.16,4000,580147,1502149122,5th,21-22,2022
686,male,18,rac,Thakurgaon,3.16,4000,580148,1502149123,5th,21-22,2022
687,male,18,rac,Thakurgaon,1,0,580149,1502149124,5th,21-22,2022
688,male,18,rac,Thakurgaon,2.56,4000,580150,1502149125,5th,21-22,2022
689,male,18,rac,Thakurgaon,2.56,4000,580151,1502149126,5th,21-22,2022
690,male,17,rac,Thakurgaon,2.56,4000,580152,1502149127,5th,21-22,2022
691,male,17,rac,Thakurgaon,2.56,4000,580153,1502149128,5th,21-22,2022
692,male,17,rac,Thakurgaon,2.56,4000,580154,1502149129,5th,21-22,2022
693,male,17,rac,Netrokona,2.56,4000,580155,1502149130,5th,21-22,2022
694,male,17,rac,Thakurgaon,2.56,4000,580156,1502149131,5th,21-22,2022
695,male,17,rac,Thakurgaon,2.56,4000,580157,1502149132,5th,21-22,2022
696,male,17,rac,Dhaka,2.56,4000,580158,1502149133,5th,21-22,2022
697,male,17,rac,Sylhet,2.56,4000,580159,1502149134,5th,21-22,2022
698,male,17,rac,Dhaka,3.93,4000,580160,1502149135,5th,21-22,2022
699,male,17,rac,Mymanshing,3.93,4000,580161,1502149136,5th,21-22,2022
700,male,17,rac,Kurigram,3.93,4000,580162,1502149137,5th,21-22,2022
701,male,17,rac,Mymanshing,3.93,4000,580163,1502149138,5th,21-22,2022
702,male,17,rac,Cox's bazar,1,0,580164,1502149139,5th,21-22,2022
703,male,17,rac,Comilla,0,0,580165,1502149140,5th,21-22,2022
704,male,17,rac,Dinajpur,3.71,4000,580166,1502149141,5th,21-22,2022
705,female,17,rac,Dinajpur,3.71,4000,580167,1502149142,5th,21-22,2022
706,female,17,rac,Netrokona,3.71,4000,580168,1502149143,5th,21-22,2022
707,female,17,rac,Dinajpur,3.71,4000,580169,1502149144,5th,21-22,2022
708,female,17,rac,Habiganj,3.71,4000,580170,1502149145,5th,21-22,2022
709,female,17,rac,Habiganj,3.71,4000,580171,1502149146,5th,21-22,2022
710,female,17,rac,Cox's bazar,3.71,4000,580172,1502149147,5th,21-22,2022
711,female,17,rac,Habiganj,3.71,4000,580173,1502149148,5th,21-22,2022
712,female,17,rac,Habiganj,3.71,4000,580174,1502149149,5th,21-22,2022
713,female,17,rac,Habiganj,3.71,4000,580175,1502149150,5th,21-22,2022
714,female,17,food,Habiganj,3.9,4000,580176,1502149151,5th,21-22,2022
715,female,17,food,Habiganj,3.23,4000,580177,1502149152,5th,21-22,2022
716,female,17,food,Habiganj,3.23,4000,580178,1502149153,5th,21-22,2022
717,female,17,food,Habiganj,3.23,4000,580179,1502149154,5th,21-22,2022
718,female,17,food,Habiganj,3.23,4000,580180,1502149155,5th,21-22,2022
719,female,17,food,Habiganj,3.23,4000,580181,1502149156,5th,21-22,2022
720,female,17,food,Habiganj,3.23,4000,580182,1502149157,5th,21-22,2022
721,female,17,food,Habiganj,3.23,4000,580183,1502149158,5th,21-22,2022
722,female,17,food,Habiganj,3.23,4000,580184,1502149159,5th,21-22,2022
723,female,17,food,Habiganj,3.23,4000,580185,1502149160,5th,21-22,2022
724,female,17,food,Netrokona,3.23,4000,580186,1502149161,5th,21-22,2022
725,female,17,food,Netrokona,1,0,580187,1502149162,5th,21-22,2022
726,female,17,food,Netrokona,3.44,4000,580188,1502149163,5th,21-22,2022
727,female,17,food,Netrokona,3.44,4000,580189,1502149164,5th,21-22,2022
728,female,17,food,Kurigram,3.44,4000,580190,1502149165,5th,21-22,2022
729,female,17,food,Netrokona,3.44,4000,580191,1502149166,5th,21-22,2022
730,female,17,food,Netrokona,3.44,4000,580192,1502149167,5th,21-22,2022
731,female,17,food,Netrokona,3.44,4000,580193,1502149168,5th,21-22,2022
732,female,17,food,Dinajpur,3.44,4000,580194,1502149169,5th,21-22,2022
733,female,17,food,Netrokona,3.44,4000,580195,1502149170,5th,21-22,2022
734,female,17,food,Netrokona,3.44,4000,580196,1502149171,5th,21-22,2022
735,female,17,food,Netrokona,3.44,4000,580197,1502149172,5th,21-22,2022
736,female,17,food,Netrokona,3.44,4000,580198,1502149173,5th,21-22,2022
737,male,17,food,Habiganj,3.44,4000,580199,1502149174,5th,21-22,2022
738,male,17,food,Netrokona,3.78,4000,580200,1502149175,5th,21-22,2022
739,male,17,food,Netrokona,3.78,4000,580201,1502149176,5th,21-22,2022
740,male,17,food,Netrokona,3.78,4000,580202,1502149177,5th,21-22,2022
741,male,17,food,Netrokona,3.95,4000,580203,1502149178,5th,21-22,2022
742,male,17,food,Netrokona,3.98,4000,580204,1502149179,5th,21-22,2022
743,male,17,food,Habiganj,3,4000,580205,1502149180,5th,21-22,2022
744,male,17,food,Netrokona,4,4000,580206,1502149181,5th,21-22,2022
745,male,17,food,Netrokona,2,4000,580207,1502149182,5th,21-22,2022
746,male,17,food,Netrokona,1,0,580208,1502149183,5th,21-22,2022
747,male,17,food,Netrokona,3.47,4000,580209,1502149184,5th,21-22,2022
748,male,17,food,Netrokona,3.47,4000,580210,1502149185,5th,21-22,2022
749,male,17,food,Kurigram,3.47,4000,580211,1502149186,5th,21-22,2022
750,male,17,food,Netrokona,3.47,4000,580212,1502149187,5th,21-22,2022
751,male,17,food,Netrokona,3.47,4000,580213,1502149188,5th,21-22,2022
752,male,17,food,Netrokona,3.47,4000,580214,1502149189,5th,21-22,2022
753,male,17,food,Netrokona,3.47,4000,580215,1502149190,5th,21-22,2022
754,male,17,food,Kurigram,3.47,4000,580216,1502149191,5th,21-22,2022
755,male,17,food,Netrokona,3.47,4000,580217,1502149192,5th,21-22,2022
756,male,17,food,Netrokona,1,0,580218,1502149193,5th,21-22,2022
757,male,17,food,Madaripur,3.48,4000,580219,1502149194,5th,21-22,2022
758,male,17,food,Madaripur,3.48,4000,580220,1502149195,5th,21-22,2022
759,male,17,food,Madaripur,3.48,4000,580221,1502149196,5th,21-22,2022
760,male,17,food,Madaripur,3.48,4000,580222,1502149197,5th,21-22,2022
761,male,17,food,Comilla,3.57,4000,580223,1502149198,5th,21-22,2022
762,male,17,food,Madaripur,3.57,4000,580224,1502149199,5th,21-22,2022
763,male,17,food,Madaripur,3.57,4000,580225,1502149200,5th,21-22,2022
764,male,17,food,Madaripur,3.57,4000,580226,1502149201,5th,21-22,2022
765,male,17,food,Madaripur,3.57,4000,580227,1502149202,5th,21-22,2022
766,male,17,food,Madaripur,0,1,580228,1502149203,5th,21-22,2022
767,male,17,food,Madaripur,3,4000,580229,1502149204,5th,21-22,2022
768,male,17,food,Madaripur,3.6,4000,580230,1502149205,5th,21-22,2022
769,male,17,food,Madaripur,3.6,4000,580231,1502149206,5th,21-22,2022
770,male,17,food,Madaripur,3.6,4000,580232,1502149207,5th,21-22,2022
771,male,17,food,Sonamgonj,3.6,4000,580233,1502149208,5th,21-22,2022
772,male,17,food,Comilla,3.6,4000,580234,1502149209,5th,21-22,2022
773,male,17,food,Comilla,3.6,4000,580235,1502149210,5th,21-22,2022
774,male,17,food,Comilla,3.6,4000,580236,1502149211,5th,21-22,2022
775,male,17,food,Comilla,3.6,4000,580237,1502149212,5th,21-22,2022
776,male,17,food,Comilla,3.6,4000,580238,1502149213,5th,21-22,2022
777,male,17,food,Comilla,0,0,580239,1502149214,5th,21-22,2022
778,male,17,food,Comilla,3.18,4000,580240,1502149215,5th,21-22,2022
779,male,17,food,Comilla,3.18,4000,580241,1502149216,5th,21-22,2022
780,male,17,food,Comilla,3.18,4000,580242,1502149217,5th,21-22,2022
781,male,17,food,Comilla,3.18,4000,580243,1502149218,5th,21-22,2022
782,male,17,food,Comilla,3.18,4000,580244,1502149219,5th,21-22,2022
783,male,17,food,Comilla,3.98,4000,580245,1502149220,5th,21-22,2022
784,male,17,food,Comilla,2.78,4000,580246,1502149221,5th,21-22,2022
785,male,17,food,Gopalgonj,3,4000,580247,1502149222,5th,21-22,2022
786,male,17,food,Comilla,2.07,4000,580248,1502149223,5th,21-22,2022
787,male,17,food,Comilla,2.07,4000,580249,1502149224,5th,21-22,2022
788,male,17,food,Comilla,2.07,4000,580250,1502149225,5th,21-22,2022
789,male,17,food,Comilla,2.07,4000,580251,1502149226,5th,21-22,2022
790,male,17,food,Comilla,2.07,4000,580252,1502149227,5th,21-22,2022
791,male,17,food,Gopalgonj,2.07,4000,580253,1502149228,5th,21-22,2022
792,male,17,food,Comilla,2.07,4000,580254,1502149229,5th,21-22,2022
793,male,17,food,Comilla,2.07,4000,580255,1502149230,5th,21-22,2022
794,male,17,food,Comilla,2.07,4000,580256,1502149231,5th,21-22,2022
795,male,17,food,Netrokona,2.07,4000,580257,1502149232,5th,21-22,2022
796,male,17,food,Gopalgonj,2.07,4000,580258,1502149233,5th,21-22,2022
797,male,17,food,Gopalgonj,2.07,4000,580259,1502149234,5th,21-22,2022
798,male,17,food,Gopalgonj,2.07,4000,580260,1502149235,5th,21-22,2022
799,male,17,food,Gopalgonj,2.07,4000,580261,1502149236,5th,21-22,2022
800,male,17,food,Gopalgonj,2.07,4000,580262,1502149237,5th,21-22,2022
801,male,17,food,Sherpur,2.07,4000,580263,1502149238,5th,21-22,2022
802,male,17,food,Sherpur,1,0,580264,1502149239,5th,21-22,2022
803,male,17,food,Sherpur,3.67,4000,580265,1502149240,5th,21-22,2022
804,male,17,food,Sherpur,3.67,4000,580266,1502149241,5th,21-22,2022
805,male,16,cst,Sherpur,3.67,4000,580267,1502149242,3rd,22-23,2022
806,male,16,cst,Sherpur,3.67,4000,580268,1502149243,3rd,22-23,2022
807,male,16,cst,Sherpur,3.67,4000,580269,1502149244,3rd,22-23,2022
808,male,16,cst,Sherpur,3.67,4000,580270,1502149245,3rd,22-23,2022
809,male,16,cst,Sherpur,3.67,4000,580271,1502149246,3rd,22-23,2022
810,male,16,cst,Sherpur,3.67,4000,580272,1502149247,3rd,22-23,2022
811,male,16,cst,Sherpur,3.67,4000,580273,1502149248,3rd,22-23,2022
812,male,16,cst,Chottogram,3.9,4000,580274,1502149249,3rd,22-23,2022
813,male,16,cst,Sherpur,3.9,4000,580275,1502149250,3rd,22-23,2022
814,male,16,cst,Sherpur,3.9,4000,580276,1502149251,3rd,22-23,2022
815,male,16,cst,Sherpur,3.9,4000,580277,1502149252,3rd,22-23,2022
816,male,16,cst,Sherpur,3.9,4000,580278,1502149253,3rd,22-23,2022
817,male,16,cst,Sherpur,3.9,4000,580279,1502149254,3rd,22-23,2022
818,male,16,cst,Sherpur,3.9,4000,580280,1502149255,3rd,22-23,2022
819,male,16,cst,Rangpur,1,0,580281,1502149256,3rd,22-23,2022
820,male,16,cst,Sherpur,3.95,4000,580282,1502149257,3rd,22-23,2022
821,male,16,cst,Sherpur,3.95,4000,580283,1502149258,3rd,22-23,2022
822,male,16,cst,Sherpur,3.89,4000,580284,1502149259,3rd,22-23,2022
823,male,16,cst,Feni,3.89,4000,580285,1502149260,3rd,22-23,2022
824,male,16,cst,Sherpur,3.89,4000,580286,1502149261,3rd,22-23,2022
825,male,16,cst,Comilla,3.89,4000,580287,1502149262,3rd,22-23,2022
826,male,16,cst,Sherpur,3.89,4000,580288,1502149263,3rd,22-23,2022
827,male,16,cst,Sherpur,3.89,4000,580289,1502149264,3rd,22-23,2022
828,male,16,cst,Sherpur,3.89,4000,580290,1502149265,3rd,22-23,2022
829,male,16,cst,Gopalgonj,2.57,4000,580291,1502149266,3rd,22-23,2022
830,male,16,cst,Sherpur,2.57,4000,580292,1502149267,3rd,22-23,2022
831,male,16,cst,Sherpur,2.57,4000,580293,1502149268,3rd,22-23,2022
832,male,16,cst,Sherpur,2.57,4000,580294,1502149269,3rd,22-23,2022
833,male,16,cst,Sherpur,2.57,4000,580295,1502149270,3rd,22-23,2022
834,male,16,cst,Sherpur,0,0,580296,1502149271,3rd,22-23,2022
835,male,16,cst,Sherpur,4,4000,580297,1502149272,3rd,22-23,2022
836,male,16,cst,Sherpur,3.5,4000,580298,1502149273,3rd,22-23,2022
837,male,16,cst,Sherpur,3.5,4000,580299,1502149274,3rd,22-23,2022
838,male,16,cst,Sherpur,3.5,4000,580300,1502149275,3rd,22-23,2022
839,male,16,cst,Sherpur,3.5,4000,580301,1502149276,3rd,22-23,2022
840,male,16,cst,Sonamgonj,3.5,4000,580302,1502149277,3rd,22-23,2022
841,male,16,cst,Sonamgonj,3.5,4000,580303,1502149278,3rd,22-23,2022
842,male,16,cst,Sonamgonj,3.5,4000,580304,1502149279,3rd,22-23,2022
843,male,16,cst,Sonamgonj,3.78,4000,580305,1502149280,3rd,22-23,2022
844,male,16,cst,Sonamgonj,3.78,4000,580306,1502149281,3rd,22-23,2022
845,male,16,cst,Chottogram,3.78,4000,580307,1502149282,3rd,22-23,2022
846,male,16,cst,Sonamgonj,3.78,4000,580308,1502149283,3rd,22-23,2022
847,male,16,cst,Sonamgonj,3.78,4000,580309,1502149284,3rd,22-23,2022
848,male,16,cst,Kurigram,3.78,4000,580310,1502149285,3rd,22-23,2022
849,male,16,cst,Sonamgonj,3.78,4000,580311,1502149286,3rd,22-23,2022
850,male,16,cst,Sonamgonj,3.78,4000,580312,1502149287,3rd,22-23,2022
851,male,16,cst,Sonamgonj,3.78,4000,580313,1502149288,3rd,22-23,2022
852,male,16,cst,Sonamgonj,3.78,4000,580314,1502149289,3rd,22-23,2022
853,male,16,cst,Dinajpur,3.89,4000,580315,1502149290,3rd,22-23,2022
854,male,16,cst,Sonamgonj,3.89,4000,580316,1502149291,3rd,22-23,2022
855,male,16,cst,Sonamgonj,3.89,4000,580317,1502149292,3rd,22-23,2022
856,male,16,cst,Kurigram,3.89,4000,580318,1502149293,3rd,22-23,2022
857,male,16,cst,Sonamgonj,3.89,4000,580319,1502149294,3rd,22-23,2022
858,male,16,cst,Rangpur,3.89,4000,580320,1502149295,3rd,22-23,2022
859,male,16,cst,Sonamgonj,3.89,4000,580321,1502149296,3rd,22-23,2022
860,male,16,cst,Sonamgonj,3.89,4000,580322,1502149297,3rd,22-23,2022
861,male,16,cst,Chottogram,3.89,4000,580323,1502149298,3rd,22-23,2022
862,male,16,cst,Sonamgonj,3.89,4000,580324,1502149299,3rd,22-23,2022
863,male,16,cst,Cox's bazar,3.89,4000,580325,1502149300,3rd,22-23,2022
864,male,16,cst,Sonamgonj,3,4000,580326,1502149301,3rd,22-23,2022
865,male,16,cst,Sonamgonj,1,0,580327,1502149302,3rd,22-23,2022
866,male,16,cst,Sonamgonj,2,4000,580328,1502149303,3rd,22-23,2022
867,male,16,cst,Sonamgonj,3.78,4000,580329,1502149304,3rd,22-23,2022
868,male,16,cst,Sonamgonj,3.78,4000,580330,1502149305,3rd,22-23,2022
869,male,16,cst,Sonamgonj,3.78,4000,580331,1502149306,3rd,22-23,2022
870,male,16,cst,Sonamgonj,3.78,4000,580332,1502149307,3rd,22-23,2022
871,male,16,cst,Gopalgonj,3.78,4000,580333,1502149308,3rd,22-23,2022
872,male,16,cst,Sonamgonj,3.78,4000,580334,1502149309,3rd,22-23,2022
873,male,16,cst,Sonamgonj,3.78,4000,580335,1502149310,3rd,22-23,2022
874,male,16,cst,Mymanshing,3.78,4000,580336,1502149311,3rd,22-23,2022
875,male,16,cst,Mymanshing,3.78,4000,580337,1502149312,3rd,22-23,2022
876,female,16,cst,Comilla,3.78,4000,580338,1502149313,3rd,22-23,2022
877,female,16,cst,Mymanshing,4,4000,580339,1502149314,3rd,22-23,2022
878,female,16,cst,Mymanshing,3.49,4000,580340,1502149315,3rd,22-23,2022
879,female,16,cst,Mymanshing,3.49,4000,580341,1502149316,3rd,22-23,2022
880,female,16,cst,Mymanshing,3.49,4000,580342,1502149317,3rd,22-23,2022
881,female,16,cst,Netrokona,3.49,4000,580343,1502149318,3rd,22-23,2022
882,female,16,cst,Mymanshing,3.49,4000,580344,1502149319,3rd,22-23,2022
883,female,16,cst,Mymanshing,3.49,4000,580345,1502149320,3rd,22-23,2022
884,female,16,cst,Habiganj,3.49,4000,580346,1502149321,3rd,22-23,2022
885,female,16,cst,Mymanshing,3.49,4000,580347,1502149322,3rd,22-23,2022
886,female,16,cst,Mymanshing,3.49,4000,580348,1502149323,3rd,22-23,2022
887,female,16,cst,Rangpur,3.49,4000,580349,1502149324,3rd,22-23,2022
888,female,16,cst,Mymanshing,3.49,4000,580350,1502149325,3rd,22-23,2022
889,female,16,cst,Mymanshing,3.49,4000,580351,1502149326,3rd,22-23,2022
890,female,16,cst,Kurigram,3.49,4000,580352,1502149327,3rd,22-23,2022
891,female,16,cst,Mymanshing,3.49,4000,580353,1502149328,3rd,22-23,2022
892,female,16,cst,Mymanshing,3.49,4000,580354,1502149329,3rd,22-23,2022
893,female,16,cst,Chottogram,3.49,4000,580355,1502149330,3rd,22-23,2022
894,female,16,cst,Kurigram,3.49,4000,580356,1502149331,3rd,22-23,2022
895,female,16,cst,Dhaka,3.49,4000,580357,1502149332,3rd,22-23,2022
896,female,16,cst,Dhaka,1,0,580358,1502149333,3rd,22-23,2022
897,female,16,cst,Dhaka,3.33,4000,580359,1502149334,3rd,22-23,2022
898,female,16,cst,Dhaka,3.33,4000,580360,1502149335,3rd,22-23,2022
899,female,16,cst,Dhaka,3.33,4000,580361,1502149336,3rd,22-23,2022
900,female,16,cst,Netrokona,3.33,4000,580362,1502149337,3rd,22-23,2022
901,female,16,ent,Dhaka,3.33,4000,580363,1502149338,3rd,22-23,2022
902,female,16,ent,Dhaka,3.33,4000,580364,1502149339,3rd,22-23,2022
903,female,16,ent,Mymanshing,3.33,4000,580365,1502149340,3rd,22-23,2022
904,female,16,ent,Mymanshing,3.33,4000,580366,1502149341,3rd,22-23,2022
905,female,16,ent,Mymanshing,3.33,4000,580367,1502149342,3rd,22-23,2022
906,female,16,ent,Mymanshing,3.33,4000,580368,1502149343,3rd,22-23,2022
907,female,16,ent,Cox's bazar,3.33,4000,580369,1502149344,3rd,22-23,2022
908,female,16,ent,Mymanshing,3.33,4000,580370,1502149345,3rd,22-23,2022
909,female,16,ent,Mymanshing,3.33,4000,580371,1502149346,3rd,22-23,2022
910,female,16,ent,Moulvibazar,3.33,4000,580372,1502149347,3rd,22-23,2022
911,female,16,ent,Moulvibazar,3.33,4000,580373,1502149348,3rd,22-23,2022
912,female,16,ent,Dinajpur,3.33,4000,580374,1502149349,3rd,22-23,2022
913,female,16,ent,Moulvibazar,3.33,4000,580375,1502149350,3rd,22-23,2022
914,female,16,ent,Moulvibazar,3.33,4000,580376,1502149351,3rd,22-23,2022
915,female,16,ent,Moulvibazar,1,0,580377,1502149352,3rd,22-23,2022
916,female,16,ent,Gopalgonj,3.33,4000,580378,1502149353,3rd,22-23,2022
917,female,16,ent,Moulvibazar,3.33,4000,580379,1502149354,3rd,22-23,2022
918,male,16,ent,Moulvibazar,3.33,4000,580380,1502149355,3rd,22-23,2022
919,male,16,ent,Moulvibazar,3.33,4000,580381,1502149356,3rd,22-23,2022
920,male,16,ent,Moulvibazar,3.33,4000,580382,1502149357,3rd,22-23,2022
921,male,16,ent,Gopalgonj,3.33,4000,580383,1502149358,3rd,22-23,2022
922,male,16,ent,Moulvibazar,3.33,4000,580384,1502149359,3rd,22-23,2022
923,male,16,ent,Moulvibazar,3.33,4000,580385,1502149360,3rd,22-23,2022
924,male,16,ent,Moulvibazar,3.33,4000,580386,1502149361,3rd,22-23,2022
925,male,16,ent,Netrokona,3.33,4000,580387,1502149362,3rd,22-23,2022
926,male,16,ent,Habiganj,3.33,4000,580388,1502149363,3rd,22-23,2022
927,male,16,ent,Habiganj,3.33,4000,580389,1502149364,3rd,22-23,2022
928,male,16,ent,Habiganj,3.33,4000,580390,1502149365,3rd,22-23,2022
929,male,16,ent,Habiganj,3.39,4000,580391,1502149366,3rd,22-23,2022
930,male,16,ent,Habiganj,3.39,4000,580392,1502149367,3rd,22-23,2022
931,male,16,ent,Habiganj,3.39,4000,580393,1502149368,3rd,22-23,2022
932,male,16,ent,Habiganj,3.39,4000,580394,1502149369,3rd,22-23,2022
933,male,16,ent,Kurigram,3.39,4000,580395,1502149370,3rd,22-23,2022
934,male,16,ent,Dinajpur,3.39,4000,580396,1502149371,3rd,22-23,2022
935,male,16,ent,Gopalgonj,3.39,4000,580397,1502149372,3rd,22-23,2022
936,male,16,ent,Dinajpur,3.39,4000,580398,1502149373,3rd,22-23,2022
937,male,16,ent,Dinajpur,0,0,580399,1502149374,3rd,22-23,2022
938,male,16,ent,Dinajpur,2,4000,580400,1502149375,3rd,22-23,2022
939,male,16,ent,Dinajpur,2.08,4000,580401,1502149376,3rd,22-23,2022
940,male,16,ent,Sonamgonj,2.08,4000,580402,1502149377,3rd,22-23,2022
941,male,16,ent,Thakurgaon,2.08,4000,580403,1502149378,3rd,22-23,2022
942,male,16,ent,Thakurgaon,2.08,4000,580404,1502149379,3rd,22-23,2022
943,male,16,ent,Thakurgaon,2.08,4000,580405,1502149380,3rd,22-23,2022
944,male,16,ent,Thakurgaon,2.08,4000,580406,1502149381,3rd,22-23,2022
945,male,16,ent,Mymanshing,2.08,4000,580407,1502149382,3rd,22-23,2022
946,male,16,ent,Habiganj,2.08,4000,580408,1502149383,3rd,22-23,2022
947,male,16,ent,Mymanshing,2.08,4000,580409,1502149384,3rd,22-23,2022
948,male,16,ent,Mymanshing,2.08,4000,580410,1502149385,3rd,22-23,2022
949,male,16,ent,Mymanshing,2.08,4000,580411,1502149386,3rd,22-23,2022
950,male,16,ent,Mymanshing,2.08,4000,580412,1502149387,3rd,22-23,2022
951,male,16,ent,Kurigram,2.08,4000,580413,1502149388,3rd,22-23,2022
952,male,16,ent,Mymanshing,2.08,4000,580414,1502149389,3rd,22-23,2022
953,male,16,ent,Mymanshing,2.08,4000,580415,1502149390,3rd,22-23,2022
954,male,16,ent,Mymanshing,2.08,4000,580416,1502149391,3rd,22-23,2022
955,male,16,ent,Dinajpur,1,0,580417,1502149392,3rd,22-23,2022
956,male,16,ent,Mymanshing,2.08,4000,580418,1502149393,3rd,22-23,2022
957,male,16,ent,Mymanshing,2.08,4000,580419,1502149394,3rd,22-23,2022
958,male,16,ent,Madaripur,2.08,4000,580420,1502149395,3rd,22-23,2022
959,male,16,ent,Madaripur,2.08,4000,580421,1502149396,3rd,22-23,2022
960,male,16,ent,Kurigram,2.08,4000,580422,1502149397,3rd,22-23,2022
961,male,16,ent,Dhaka,2.08,4000,580423,1502149398,3rd,22-23,2022
962,male,16,rac,Mymanshing,2.08,4000,580424,1502149399,3rd,22-23,2022
963,male,16,rac,Mymanshing,2.08,4000,580425,1502149400,3rd,22-23,2022
964,male,16,rac,Habiganj,2.08,4000,580426,1502149401,3rd,22-23,2022
965,male,16,rac,Moulvibazar,2.08,4000,580427,1502149402,3rd,22-23,2022
966,male,16,rac,Sylhet,1,0,580428,1502149403,3rd,22-23,2022
967,male,16,rac,Netrokona,3.11,4000,580429,1502149404,3rd,22-23,2022
968,male,16,rac,Rangpur,3.11,4000,580430,1502149405,3rd,22-23,2022
969,male,16,rac,Mymanshing,3.11,4000,580431,1502149406,3rd,22-23,2022
970,male,16,rac,Dhaka,3.11,4000,580432,1502149407,3rd,22-23,2022
971,male,16,rac,Cox's bazar,3.11,4000,580433,1502149408,3rd,22-23,2022
972,male,16,rac,Sylhet,3.11,4000,580434,1502149409,3rd,22-23,2022
973,male,16,rac,Sylhet,3.11,4000,580435,1502149410,3rd,22-23,2022
974,male,16,rac,Sylhet,3.11,4000,580436,1502149411,3rd,22-23,2022
975,female,16,rac,Sylhet,3.11,4000,580437,1502149412,3rd,22-23,2022
976,female,16,rac,Sylhet,3.11,4000,580438,1502149413,3rd,22-23,2022
977,female,16,rac,Dinajpur,3.11,4000,580439,1502149414,3rd,22-23,2022
978,female,16,rac,Sylhet,3.11,4000,580440,1502149415,3rd,22-23,2022
979,female,16,food,Sylhet,3.11,4000,580441,1502149416,3rd,22-23,2022
980,female,16,food,Sylhet,3.11,4000,580442,1502149417,3rd,22-23,2022
981,female,16,food,Rangpur,3.11,4000,580443,1502149418,3rd,22-23,2022
982,female,16,food,Madaripur,3.11,4000,580444,1502149419,3rd,22-23,2022
983,female,16,food,Mymanshing,3.11,4000,580445,1502149420,3rd,22-23,2022
984,female,16,food,Sylhet,1,0,580446,1502149421,3rd,22-23,2022
985,female,16,food,Tangail,3.7,4000,580447,1502149422,3rd,22-23,2022
986,male,16,food,Sylhet,3.7,4000,580448,1502149423,3rd,22-23,2022
987,male,16,food,Tangail,0,0,580449,1502149424,3rd,22-23,2022
988,male,16,food,Dhaka,3.8,4000,580450,1502149425,3rd,22-23,2022
989,male,16,food,Madaripur,3.8,4000,580451,1502149426,3rd,22-23,2022
990,male,16,food,Sylhet,3.8,4000,580452,1502149427,3rd,22-23,2022
991,male,16,food,Sylhet,3.8,4000,580453,1502149428,3rd,22-23,2022
992,male,16,food,Sylhet,3.8,4000,580454,1502149429,3rd,22-23,2022
993,male,16,food,Gopalgonj,3.8,4000,580455,1502149430,3rd,22-23,2022
994,male,16,food,Sylhet,3.8,4000,580456,1502149431,3rd,22-23,2022
995,male,16,food,Sylhet,3.8,4000,580457,1502149432,3rd,22-23,2022
996,male,16,food,Sherpur,3.8,4000,580458,1502149433,3rd,22-23,2022
997,male,16,food,Tangail,3.8,4000,580459,1502149434,3rd,22-23,2022
998,male,16,food,Moulvibazar,1,0,580460,1502149435,3rd,22-23,2022
999,male,16,food,Moulvibazar,3,4000,580461,1502149436,3rd,22-23,2022
1000,male,16,food,Moulvibazar,1,0,580462,1502149437,3rd,22-23,2022
